[
  {
    "id": "f3f49170-2796-4ec9-884d-a564c6f44ef0",
    "data": [
      {
        "text": "Dessert and drinks",
        "userDefined": false
      }
    ],
    "isTemplate": false,
    "count": 0,
    "lang": "en",
    "updated": 0
  },
  {
    "id": "5603be55-104e-4571-a3b3-8efb4501496a",
    "data": [
      {
        "text": "Dessert",
        "userDefined": false
      }
    ],
    "isTemplate": false,
    "count": 0,
    "lang": "en",
    "updated": 0
  },
  {
    "id": "56ad5a13-952b-4156-af48-afb0af6352da",
    "data": [
      {
        "text": "Drink",
        "userDefined": false
      }
    ],
    "isTemplate": false,
    "count": 0,
    "lang": "en",
    "updated": 0
  }
]