[
  {
    "id": "933b19cd-4d05-43ec-a120-eb7032c8ff71",
    "data": [
      {
        "text": "Ice-Cream",
        "userDefined": false
      }
    ],
    "isTemplate": false,
    "count": 0,
    "lang": "en",
    "updated": 0
  },
  {
    "id": "c5b45df2-4b9b-4c8e-b919-84810c15800d",
    "data": [
      {
        "text": "Soda",
        "userDefined": false
      }
    ],
    "isTemplate": false,
    "count": 0,
    "lang": "en",
    "updated": 0
  },
  {
    "id": "408c9fad-7a54-4aeb-8896-23fdaa2bcd5f",
    "data": [
      {
        "text": "GulabJamoon",
        "userDefined": false
      }
    ],
    "isTemplate": false,
    "count": 0,
    "lang": "en",
    "updated": 0
  },
  {
    "id": "d7b54515-6481-4ce7-b215-5a7f123f00fc",
    "data": [
      {
        "text": "Tomato Soup",
        "userDefined": false
      }
    ],
    "isTemplate": false,
    "count": 0,
    "lang": "en",
    "updated": 0
  },
  {
    "id": "b51d2d32-6203-43cc-86f5-d7fd2a5ab103",
    "data": [
      {
        "text": "Paneer Tikka",
        "userDefined": false
      }
    ],
    "isTemplate": false,
    "count": 0,
    "lang": "en",
    "updated": 0
  },
  {
    "id": "7278fa91-8cdc-4bd2-8376-c9e47a03fdd0",
    "data": [
      {
        "text": "Fried Rice",
        "userDefined": false
      }
    ],
    "isTemplate": false,
    "count": 0,
    "lang": "en",
    "updated": 0
  },
  {
    "id": "824aaca5-cfa4-4c9d-9508-af7794d7d2d3",
    "data": [
      {
        "text": "Vegetable Samosa",
        "userDefined": false
      }
    ],
    "isTemplate": false,
    "count": 0,
    "lang": "en",
    "updated": 0
  }
]